file_name,category
000012.jpg,car
000017.jpg,horse
000023.jpg,person
000026.jpg,car
000032.jpg,aeroplane
000033.jpg,aeroplane
000034.jpg,train
000035.jpg,person
000036.jpg,dog
000042.jpg,train
000044.jpg,chair
000047.jpg,car
000048.jpg,person
000061.jpg,boat
000064.jpg,bird
000066.jpg,person
000073.jpg,pottedplant
000077.jpg,cat
000078.jpg,dog
000083.jpg,car
000089.jpg,chair
000091.jpg,car
000104.jpg,person
000112.jpg,dog
000122.jpg,cat
000129.jpg,person
000133.jpg,person
000134.jpg,car
000138.jpg,person
000140.jpg,sofa
000141.jpg,bird
000147.jpg,chair
000153.jpg,car
000154.jpg,boat
000159.jpg,car
000161.jpg,car
000162.jpg,person
000163.jpg,motorbike
000164.jpg,motorbike
000171.jpg,person
000173.jpg,horse
000174.jpg,person
000187.jpg,tvmonitor
000189.jpg,bird
000192.jpg,person
000193.jpg,person
000194.jpg,horse
000198.jpg,train
000200.jpg,person
000207.jpg,bus
000209.jpg,cat
000219.jpg,motorbike
000220.jpg,car
000222.jpg,person
000225.jpg,sheep
000228.jpg,aeroplane
000235.jpg,diningtable
000242.jpg,cat
000250.jpg,bottle
000256.jpg,aeroplane
000259.jpg,person
000262.jpg,car
000263.jpg,car
000276.jpg,person
000278.jpg,person
000282.jpg,person
000288.jpg,bus
000294.jpg,bird
000296.jpg,boat
000306.jpg,cow
000307.jpg,pottedplant
000311.jpg,car
000312.jpg,train
000317.jpg,car
000320.jpg,person
000325.jpg,aeroplane
000331.jpg,chair
000334.jpg,car
000337.jpg,person
000344.jpg,bottle
000347.jpg,horse
000349.jpg,diningtable
000355.jpg,car
000359.jpg,chair
000367.jpg,person
000370.jpg,boat
000372.jpg,horse
000379.jpg,bicycle
000382.jpg,boat
000387.jpg,car
000391.jpg,pottedplant
000394.jpg,person
000395.jpg,bird
000400.jpg,cat
000404.jpg,car
000406.jpg,car
000407.jpg,horse
000411.jpg,person
000416.jpg,sheep
000430.jpg,cat
000431.jpg,aeroplane
000438.jpg,person
000446.jpg,person
000450.jpg,train
000454.jpg,dog
000463.jpg,motorbike
000468.jpg,person
000469.jpg,car
000470.jpg,horse
000474.jpg,car
000476.jpg,person
000477.jpg,person
000484.jpg,pottedplant
000489.jpg,bird
000496.jpg,chair
000503.jpg,sofa
000508.jpg,bird
000516.jpg,person
000518.jpg,bus
000519.jpg,boat
000522.jpg,car
000524.jpg,horse
000525.jpg,motorbike
000526.jpg,person
000528.jpg,cat
000535.jpg,person
000537.jpg,dog
000541.jpg,car
000544.jpg,cat
000549.jpg,cat
000550.jpg,diningtable
000552.jpg,aeroplane
000554.jpg,sofa
000555.jpg,person
000559.jpg,tvmonitor
000565.jpg,bicycle
000577.jpg,horse
000583.jpg,motorbike
000589.jpg,person
000590.jpg,car
000592.jpg,sofa
000597.jpg,person
000605.jpg,car
000609.jpg,dog
000612.jpg,train
000620.jpg,car
000622.jpg,cow
000625.jpg,person
000632.jpg,chair
000633.jpg,person
000635.jpg,train
000648.jpg,bus
000654.jpg,sheep
000657.jpg,aeroplane
000671.jpg,bicycle
000672.jpg,car
000680.jpg,bird
000685.jpg,motorbike
000688.jpg,car
000689.jpg,train
000695.jpg,horse
000699.jpg,chair
000700.jpg,car
000709.jpg,person
000710.jpg,chair
000711.jpg,pottedplant
000726.jpg,person
000729.jpg,pottedplant
000731.jpg,person
000733.jpg,motorbike
000739.jpg,person
000740.jpg,boat
000753.jpg,diningtable
000754.jpg,bus
000761.jpg,sofa
000764.jpg,horse
000767.jpg,cow
000768.jpg,bus
000770.jpg,cow
000774.jpg,train
000793.jpg,bicycle
000796.jpg,bird
000804.jpg,sofa
000805.jpg,dog
000810.jpg,person
000812.jpg,person
000818.jpg,train
000820.jpg,sheep
000822.jpg,motorbike
000823.jpg,car
000827.jpg,cow
000828.jpg,person
000829.jpg,bus
000830.jpg,diningtable
000845.jpg,aeroplane
000849.jpg,dog
000850.jpg,bird
000851.jpg,motorbike
000859.jpg,person
000860.jpg,car
000865.jpg,person
000867.jpg,pottedplant
000871.jpg,car
000887.jpg,aeroplane
000888.jpg,car
000889.jpg,pottedplant
000892.jpg,motorbike
000898.jpg,sofa
000899.jpg,train
000900.jpg,sheep
000902.jpg,dog
000904.jpg,person
000906.jpg,boat
000908.jpg,aeroplane
000912.jpg,cat
000915.jpg,person
000919.jpg,dog
000929.jpg,diningtable
000936.jpg,aeroplane
000943.jpg,person
000950.jpg,diningtable
000951.jpg,bottle
000954.jpg,bird
000958.jpg,dog
000962.jpg,cat
000964.jpg,bird
000965.jpg,sofa
000966.jpg,train
000967.jpg,train
000977.jpg,car
000980.jpg,bird
000987.jpg,motorbike
000989.jpg,tvmonitor
000991.jpg,horse
000993.jpg,train
000996.jpg,diningtable
000997.jpg,sofa
000999.jpg,person
001001.jpg,cat
001002.jpg,boat
001008.jpg,motorbike
001010.jpg,tvmonitor
001011.jpg,person
001014.jpg,person
001015.jpg,bird
001024.jpg,person
001036.jpg,person
001043.jpg,cat
001050.jpg,person
001057.jpg,car
001060.jpg,car
001064.jpg,horse
001068.jpg,motorbike
001071.jpg,horse
001073.jpg,cow
001077.jpg,tvmonitor
001078.jpg,cat
001079.jpg,diningtable
001082.jpg,cat
001101.jpg,person
001106.jpg,chair
001112.jpg,train
001113.jpg,person
001119.jpg,car
001127.jpg,dog
001129.jpg,sofa
001130.jpg,cow
001140.jpg,person
001147.jpg,person
001151.jpg,person
001152.jpg,bus
001156.jpg,cat
001158.jpg,chair
001168.jpg,person
001171.jpg,person
001172.jpg,train
001174.jpg,diningtable
001182.jpg,cow
001191.jpg,sheep
001194.jpg,bicycle
001204.jpg,sofa
001205.jpg,boat
001207.jpg,bird
001209.jpg,dog
001212.jpg,person
001214.jpg,sofa
001226.jpg,dog
001229.jpg,person
001230.jpg,aeroplane
001234.jpg,person
001237.jpg,car
001239.jpg,dog
001240.jpg,person
001248.jpg,person
001258.jpg,car
001263.jpg,diningtable
001268.jpg,car
001269.jpg,person
001270.jpg,aeroplane
001273.jpg,bird
001279.jpg,person
001287.jpg,person
001294.jpg,car
001299.jpg,cow
001304.jpg,person
001309.jpg,person
001312.jpg,cow
001314.jpg,cat
001315.jpg,person
001323.jpg,train
001325.jpg,boat
001326.jpg,sofa
001327.jpg,person
001332.jpg,aeroplane
001333.jpg,motorbike
001334.jpg,car
001345.jpg,chair
001346.jpg,person
001348.jpg,bird
001364.jpg,car
001365.jpg,bird
001378.jpg,bird
001384.jpg,car
001385.jpg,bus
001388.jpg,sofa
001390.jpg,person
001393.jpg,diningtable
001395.jpg,cat
001402.jpg,sofa
001404.jpg,cat
001405.jpg,horse
001406.jpg,sofa
001408.jpg,person
001409.jpg,car
001414.jpg,car
001418.jpg,dog
001420.jpg,horse
001421.jpg,person
001426.jpg,person
001427.jpg,person
001434.jpg,bus
001436.jpg,aeroplane
001442.jpg,cow
001450.jpg,person
001451.jpg,person
001453.jpg,bird
001455.jpg,bicycle
001457.jpg,sofa
001468.jpg,cow
001470.jpg,tvmonitor
001479.jpg,person
001480.jpg,person
001483.jpg,train
001485.jpg,motorbike
001486.jpg,cat
001488.jpg,car
001492.jpg,car
001494.jpg,car
001498.jpg,person
001499.jpg,person
001501.jpg,person
001504.jpg,person
001512.jpg,bird
001515.jpg,horse
001517.jpg,dog
001521.jpg,person
001524.jpg,person
001526.jpg,person
001528.jpg,bird
001529.jpg,sofa
001532.jpg,car
001539.jpg,bicycle
001548.jpg,person
001555.jpg,cat
001556.jpg,horse
001557.jpg,aeroplane
001559.jpg,car
001563.jpg,diningtable
001576.jpg,car
001579.jpg,bicycle
001580.jpg,person
001586.jpg,horse
001590.jpg,tvmonitor
001593.jpg,person
001594.jpg,person
001597.jpg,bird
001604.jpg,car
001607.jpg,dog
001610.jpg,cat
001611.jpg,person
001612.jpg,train
001622.jpg,car
001627.jpg,person
001630.jpg,person
001633.jpg,diningtable
001636.jpg,bicycle
001643.jpg,dog
001649.jpg,person
001650.jpg,sofa
001651.jpg,person
001654.jpg,person
001661.jpg,sheep
001662.jpg,car
001669.jpg,cat
001673.jpg,cat
001676.jpg,car
001680.jpg,dog
001683.jpg,diningtable
001684.jpg,bird
001688.jpg,motorbike
001690.jpg,horse
001699.jpg,horse
001707.jpg,bird
001708.jpg,aeroplane
001711.jpg,person
001713.jpg,cow
001714.jpg,sheep
001717.jpg,person
001721.jpg,person
001723.jpg,person
001729.jpg,chair
001732.jpg,boat
001733.jpg,sheep
001734.jpg,sheep
001738.jpg,dog
001739.jpg,bird
001741.jpg,cow
001750.jpg,sheep
001752.jpg,tvmonitor
001754.jpg,person
001758.jpg,person
001759.jpg,person
001761.jpg,aeroplane
001765.jpg,motorbike
001766.jpg,horse
001768.jpg,cat
001777.jpg,diningtable
001780.jpg,motorbike
001787.jpg,bird
001789.jpg,train
001800.jpg,person
001806.jpg,person
001809.jpg,tvmonitor
001810.jpg,person
001821.jpg,car
001825.jpg,cat
001828.jpg,person
001832.jpg,person
001834.jpg,diningtable
001836.jpg,sofa
001840.jpg,cat
001841.jpg,person
001843.jpg,person
001845.jpg,car
001853.jpg,bird
001854.jpg,person
001858.jpg,aeroplane
001861.jpg,person
001864.jpg,person
001870.jpg,aeroplane
001881.jpg,car
001892.jpg,bus
001894.jpg,horse
001896.jpg,bird
001898.jpg,pottedplant
001902.jpg,bus
001903.jpg,motorbike
001904.jpg,person
001906.jpg,cat
001915.jpg,bird
001922.jpg,aeroplane
001928.jpg,motorbike
001930.jpg,person
001937.jpg,car
001938.jpg,person
001941.jpg,motorbike
001945.jpg,horse
001950.jpg,person
001952.jpg,bird
001954.jpg,car
001960.jpg,horse
001963.jpg,diningtable
001971.jpg,cat
001977.jpg,person
001978.jpg,person
001980.jpg,person
001981.jpg,cat
001985.jpg,dog
001989.jpg,person
001995.jpg,chair
001999.jpg,person
002001.jpg,aeroplane
002002.jpg,chair
002004.jpg,tvmonitor
002006.jpg,cat
002012.jpg,person
002015.jpg,pottedplant
002020.jpg,bird
002025.jpg,chair
002027.jpg,bus
002034.jpg,cat
002037.jpg,bird
002039.jpg,boat
002042.jpg,horse
002043.jpg,horse
002047.jpg,sofa
002049.jpg,pottedplant
002051.jpg,person
002055.jpg,person
002056.jpg,bus
002061.jpg,diningtable
002068.jpg,train
002069.jpg,person
002095.jpg,cat
002096.jpg,person
002104.jpg,motorbike
002108.jpg,diningtable
002116.jpg,dog
002117.jpg,person
002120.jpg,person
002126.jpg,cow
002132.jpg,tvmonitor
002134.jpg,car
002139.jpg,bottle
002151.jpg,cat
002153.jpg,car
002155.jpg,motorbike
002156.jpg,diningtable
002158.jpg,bird
002166.jpg,train
002170.jpg,car
002172.jpg,person
002176.jpg,person
002178.jpg,car
002179.jpg,pottedplant
002180.jpg,train
002182.jpg,car
002186.jpg,person
002187.jpg,horse
002191.jpg,motorbike
002192.jpg,pottedplant
002193.jpg,person
002194.jpg,person
002196.jpg,cat
002197.jpg,car
002199.jpg,dog
002208.jpg,boat
002212.jpg,bird
002215.jpg,cat
002219.jpg,person
002221.jpg,person
002224.jpg,person
002234.jpg,boat
002237.jpg,cow
002238.jpg,person
002241.jpg,car
002247.jpg,car
002249.jpg,horse
002253.jpg,bicycle
002255.jpg,aeroplane
002256.jpg,bus
002260.jpg,motorbike
002265.jpg,person
002277.jpg,person
002279.jpg,aeroplane
002280.jpg,tvmonitor
002284.jpg,pottedplant
002287.jpg,chair
002291.jpg,car
002293.jpg,person
002306.jpg,person
002307.jpg,car
002310.jpg,bird
002311.jpg,car
002315.jpg,dog
002318.jpg,motorbike
002320.jpg,pottedplant
002321.jpg,train
002323.jpg,cow
002334.jpg,chair
002335.jpg,sofa
002342.jpg,person
002347.jpg,pottedplant
002350.jpg,bottle
002354.jpg,aeroplane
002355.jpg,car
002359.jpg,dog
002362.jpg,chair
002368.jpg,chair
002373.jpg,car
002384.jpg,person
002392.jpg,boat
002401.jpg,person
002403.jpg,boat
002405.jpg,horse
002410.jpg,person
002411.jpg,car
002413.jpg,person
002419.jpg,motorbike
002420.jpg,car
002423.jpg,train
002433.jpg,person
002436.jpg,car
002439.jpg,aeroplane
002442.jpg,diningtable
002443.jpg,dog
002445.jpg,cat
002448.jpg,horse
002458.jpg,motorbike
002461.jpg,cat
002465.jpg,boat
002466.jpg,dog
002468.jpg,bird
002471.jpg,horse
002472.jpg,aeroplane
002478.jpg,car
002480.jpg,cat
002481.jpg,person
002483.jpg,person
002490.jpg,bus
002494.jpg,cow
002496.jpg,train
002500.jpg,boat
002501.jpg,chair
002502.jpg,train
002512.jpg,bicycle
002514.jpg,person
002518.jpg,person
002519.jpg,motorbike
002533.jpg,car
002534.jpg,car
002539.jpg,bus
002544.jpg,car
002545.jpg,person
002547.jpg,bird
002554.jpg,person
002555.jpg,horse
002558.jpg,person
002559.jpg,car
002564.jpg,person
002569.jpg,pottedplant
002571.jpg,bird
002572.jpg,person
002579.jpg,bird
002590.jpg,train
002594.jpg,pottedplant
002595.jpg,car
002599.jpg,motorbike
002603.jpg,bird
002609.jpg,dog
002611.jpg,person
002625.jpg,car
002627.jpg,diningtable
002634.jpg,cow
002635.jpg,bird
002645.jpg,chair
002647.jpg,car
002648.jpg,sheep
002653.jpg,boat
002662.jpg,diningtable
002664.jpg,bird
002666.jpg,motorbike
002669.jpg,cow
002680.jpg,dog
002682.jpg,car
002683.jpg,sheep
002684.jpg,horse
002691.jpg,person
002697.jpg,dog
002702.jpg,chair
002704.jpg,car
002710.jpg,person
002713.jpg,person
002715.jpg,bicycle
002722.jpg,bicycle
002730.jpg,car
002735.jpg,horse
002737.jpg,aeroplane
002738.jpg,boat
002744.jpg,person
002745.jpg,bottle
002749.jpg,cow
002755.jpg,person
002757.jpg,train
002759.jpg,motorbike
002763.jpg,cow
002765.jpg,aeroplane
002766.jpg,cat
002774.jpg,horse
002778.jpg,chair
002779.jpg,car
002782.jpg,train
002783.jpg,bus
002791.jpg,bird
002795.jpg,motorbike
002796.jpg,cat
002801.jpg,diningtable
002804.jpg,person
002807.jpg,motorbike
002816.jpg,bus
002817.jpg,pottedplant
002820.jpg,pottedplant
002826.jpg,person
002834.jpg,person
002841.jpg,person
002844.jpg,train
002845.jpg,sheep
002848.jpg,motorbike
002855.jpg,sofa
002858.jpg,horse
002864.jpg,person
002866.jpg,diningtable
002867.jpg,bus
002868.jpg,cow
002869.jpg,aeroplane
002870.jpg,person
002873.jpg,aeroplane
002881.jpg,person
002899.jpg,bus
002906.jpg,train
002914.jpg,person
002919.jpg,bird
002931.jpg,person
002934.jpg,cat
002937.jpg,car
002939.jpg,person
002953.jpg,tvmonitor
002956.jpg,bicycle
002957.jpg,chair
002958.jpg,person
002962.jpg,person
002969.jpg,bird
002975.jpg,train
002976.jpg,person
002987.jpg,person
002988.jpg,person
002989.jpg,chair
002990.jpg,person
002992.jpg,bicycle
002995.jpg,cat
003002.jpg,person
003003.jpg,person
003007.jpg,car
003011.jpg,sofa
003013.jpg,car
003024.jpg,sofa
003027.jpg,horse
003034.jpg,person
003042.jpg,diningtable
003047.jpg,bicycle
003051.jpg,car
003053.jpg,train
003061.jpg,chair
003063.jpg,sofa
003066.jpg,bird
003074.jpg,bird
003077.jpg,person
003083.jpg,bus
003085.jpg,cat
003088.jpg,person
003092.jpg,car
003100.jpg,dog
003103.jpg,car
003105.jpg,cow
003106.jpg,person
003107.jpg,person
003108.jpg,sofa
003110.jpg,dog
003116.jpg,bird
003122.jpg,person
003124.jpg,motorbike
003133.jpg,aeroplane
003134.jpg,person
003135.jpg,train
003138.jpg,person
003140.jpg,person
003145.jpg,person
003146.jpg,pottedplant
003147.jpg,dog
003149.jpg,bottle
003150.jpg,person
003155.jpg,bird
003157.jpg,tvmonitor
003159.jpg,person
003161.jpg,sheep
003163.jpg,bus
003165.jpg,car
003169.jpg,cat
003175.jpg,person
003181.jpg,person
003183.jpg,aeroplane
003184.jpg,cat
003185.jpg,person
003188.jpg,bicycle
003202.jpg,chair
003204.jpg,tvmonitor
003205.jpg,chair
003211.jpg,pottedplant
003214.jpg,car
003229.jpg,aeroplane
003231.jpg,car
003233.jpg,aeroplane
003236.jpg,sofa
003240.jpg,car
003242.jpg,bird
003244.jpg,train
003247.jpg,person
003253.jpg,person
003254.jpg,bird
003259.jpg,person
003260.jpg,person
003261.jpg,person
003269.jpg,bottle
003270.jpg,bird
003273.jpg,bird
003279.jpg,sofa
003280.jpg,person
003282.jpg,person
003284.jpg,person
003290.jpg,horse
003292.jpg,person
003303.jpg,person
003308.jpg,chair
003320.jpg,person
003330.jpg,bird
003331.jpg,car
003336.jpg,motorbike
003337.jpg,boat
003338.jpg,bird
003339.jpg,dog
003343.jpg,dog
003349.jpg,bird
003350.jpg,diningtable
003354.jpg,cow
003355.jpg,car
003356.jpg,tvmonitor
003359.jpg,car
003363.jpg,car
003365.jpg,aeroplane
003367.jpg,motorbike
003369.jpg,aeroplane
003373.jpg,dog
003374.jpg,dog
003379.jpg,car
003380.jpg,person
003382.jpg,person
003392.jpg,cat
003395.jpg,bicycle
003396.jpg,motorbike
003401.jpg,chair
003406.jpg,car
003408.jpg,sofa
003412.jpg,motorbike
003413.jpg,boat
003416.jpg,person
003417.jpg,train
003420.jpg,car
003421.jpg,chair
003424.jpg,person
003430.jpg,dog
003433.jpg,person
003436.jpg,horse
003439.jpg,cow
003441.jpg,bus
003450.jpg,sofa
003452.jpg,diningtable
003466.jpg,person
003477.jpg,chair
003484.jpg,car
003487.jpg,person
003489.jpg,dog
003491.jpg,dog
003493.jpg,aeroplane
003496.jpg,person
003497.jpg,train
003499.jpg,train
003500.jpg,cat
003506.jpg,pottedplant
003508.jpg,dog
003509.jpg,pottedplant
003510.jpg,chair
003511.jpg,bicycle
003522.jpg,cat
003524.jpg,bird
003525.jpg,cat
003529.jpg,person
003539.jpg,person
003548.jpg,person
003549.jpg,bicycle
003550.jpg,person
003551.jpg,car
003555.jpg,car
003564.jpg,train
003565.jpg,bird
003575.jpg,sofa
003576.jpg,bus
003577.jpg,diningtable
003585.jpg,motorbike
003586.jpg,cat
003588.jpg,chair
003596.jpg,car
003599.jpg,bicycle
003603.jpg,diningtable
003604.jpg,dog
003605.jpg,train
003608.jpg,car
003609.jpg,chair
003614.jpg,bird
003621.jpg,bicycle
003622.jpg,pottedplant
003625.jpg,horse
003627.jpg,dog
003628.jpg,train
003629.jpg,pottedplant
003634.jpg,car
003635.jpg,bus
003642.jpg,bus
003644.jpg,person
003645.jpg,person
003646.jpg,bird
003656.jpg,cat
003658.jpg,bicycle
003662.jpg,chair
003663.jpg,person
003664.jpg,person
003671.jpg,dog
003678.jpg,person
003679.jpg,bird
003681.jpg,sheep
003688.jpg,person
003694.jpg,pottedplant
003695.jpg,train
003698.jpg,sheep
003699.jpg,person
003700.jpg,person
003704.jpg,bird
003705.jpg,sheep
003713.jpg,car
003714.jpg,sheep
003732.jpg,horse
003735.jpg,horse
003740.jpg,person
003743.jpg,sofa
003748.jpg,bird
003749.jpg,person
003751.jpg,sofa
003752.jpg,train
003758.jpg,pottedplant
003759.jpg,person
003763.jpg,cat
003767.jpg,chair
003773.jpg,aeroplane
003779.jpg,horse
003781.jpg,person
003784.jpg,bicycle
003786.jpg,bus
003788.jpg,chair
003790.jpg,car
003792.jpg,dog
003797.jpg,boat
003806.jpg,car
003807.jpg,cat
003811.jpg,boat
003817.jpg,person
003818.jpg,train
003824.jpg,motorbike
003827.jpg,person
003828.jpg,bird
003830.jpg,train
003834.jpg,pottedplant
003835.jpg,bus
003847.jpg,person
003849.jpg,motorbike
003856.jpg,person
003859.jpg,diningtable
003860.jpg,boat
003861.jpg,boat
003865.jpg,person
003866.jpg,train
003874.jpg,sheep
003879.jpg,person
003887.jpg,cow
003889.jpg,horse
003890.jpg,cat
003898.jpg,bird
003899.jpg,dog
003907.jpg,sofa
003912.jpg,cat
003913.jpg,person
003921.jpg,dog
003932.jpg,person
003935.jpg,dog
003936.jpg,car
003939.jpg,horse
003945.jpg,bicycle
003949.jpg,bird
003953.jpg,person
003956.jpg,pottedplant
003961.jpg,person
003969.jpg,bird
003970.jpg,horse
003971.jpg,car
003974.jpg,boat
003983.jpg,tvmonitor
003987.jpg,car
003988.jpg,chair
003991.jpg,cat
003993.jpg,aeroplane
003997.jpg,car
003998.jpg,car
004005.jpg,train
004008.jpg,dog
004009.jpg,aeroplane
004012.jpg,chair
004013.jpg,bird
004014.jpg,chair
004016.jpg,cat
004017.jpg,person
004019.jpg,car
004023.jpg,cow
004028.jpg,pottedplant
004033.jpg,motorbike
004034.jpg,dog
004035.jpg,dog
004037.jpg,pottedplant
004046.jpg,bird
004052.jpg,aeroplane
004058.jpg,person
004067.jpg,motorbike
004091.jpg,car
004092.jpg,person
004093.jpg,chair
004095.jpg,dog
004100.jpg,tvmonitor
004106.jpg,chair
004111.jpg,person
004120.jpg,bus
004121.jpg,person
004129.jpg,cat
004131.jpg,bird
004133.jpg,person
004136.jpg,bicycle
004137.jpg,person
004138.jpg,person
004140.jpg,bicycle
004146.jpg,horse
004149.jpg,diningtable
004152.jpg,bottle
004158.jpg,person
004163.jpg,tvmonitor
004164.jpg,sofa
004168.jpg,horse
004169.jpg,person
004170.jpg,boat
004171.jpg,bird
004189.jpg,dog
004190.jpg,tvmonitor
004196.jpg,aeroplane
004200.jpg,cow
004201.jpg,person
004209.jpg,person
004215.jpg,motorbike
004220.jpg,bird
004221.jpg,bird
004223.jpg,person
004224.jpg,aeroplane
004228.jpg,car
004231.jpg,person
004232.jpg,dog
004237.jpg,tvmonitor
004241.jpg,boat
004242.jpg,car
004244.jpg,car
004247.jpg,bird
004253.jpg,diningtable
004255.jpg,motorbike
004256.jpg,train
004263.jpg,bird
004269.jpg,person
004270.jpg,person
004271.jpg,bird
004272.jpg,dog
004273.jpg,person
004280.jpg,bottle
004281.jpg,train
004283.jpg,motorbike
004287.jpg,person
004291.jpg,person
004292.jpg,pottedplant
004296.jpg,diningtable
004300.jpg,motorbike
004303.jpg,bus
004307.jpg,horse
004315.jpg,train
004318.jpg,dog
004322.jpg,person
004325.jpg,boat
004327.jpg,dog
004333.jpg,bottle
004338.jpg,motorbike
004339.jpg,horse
004345.jpg,cat
004347.jpg,bird
004359.jpg,person
004360.jpg,person
004361.jpg,motorbike
004365.jpg,car
004367.jpg,car
004370.jpg,person
004371.jpg,boat
004372.jpg,horse
004376.jpg,cat
004379.jpg,aeroplane
004386.jpg,car
004387.jpg,bus
004389.jpg,horse
004391.jpg,aeroplane
004392.jpg,person
004404.jpg,person
004434.jpg,dog
004436.jpg,train
004439.jpg,car
004441.jpg,cow
004452.jpg,aeroplane
004470.jpg,aeroplane
004471.jpg,person
004479.jpg,person
004481.jpg,car
004484.jpg,diningtable
004496.jpg,person
004500.jpg,cow
004502.jpg,cat
004508.jpg,person
004510.jpg,chair
004514.jpg,tvmonitor
004517.jpg,person
004519.jpg,car
004520.jpg,person
004524.jpg,bird
004526.jpg,car
004537.jpg,horse
004540.jpg,sofa
004544.jpg,bus
004548.jpg,dog
004549.jpg,chair
004551.jpg,dog
004553.jpg,horse
004562.jpg,person
004563.jpg,car
004565.jpg,dog
004566.jpg,cat
004570.jpg,aeroplane
004571.jpg,cow
004576.jpg,car
004579.jpg,train
004584.jpg,sofa
004587.jpg,dog
004591.jpg,car
004595.jpg,person
004597.jpg,chair
004604.jpg,motorbike
004605.jpg,bicycle
004607.jpg,sofa
004611.jpg,person
004612.jpg,bird
004622.jpg,person
004623.jpg,bird
004625.jpg,horse
004627.jpg,train
004628.jpg,cat
004631.jpg,person
004634.jpg,horse
004636.jpg,bird
004643.jpg,aeroplane
004644.jpg,dog
004648.jpg,bus
004651.jpg,boat
004656.jpg,horse
004671.jpg,bottle
004675.jpg,train
004679.jpg,person
004683.jpg,cat
004685.jpg,person
004686.jpg,horse
004687.jpg,motorbike
004691.jpg,train
004693.jpg,train
004694.jpg,motorbike
004701.jpg,bottle
004702.jpg,bird
004705.jpg,car
004706.jpg,person
004710.jpg,bottle
004714.jpg,chair
004715.jpg,person
004718.jpg,person
004723.jpg,person
004735.jpg,chair
004737.jpg,dog
004742.jpg,diningtable
004743.jpg,cat
004747.jpg,car
004748.jpg,aeroplane
004753.jpg,person
004754.jpg,tvmonitor
004760.jpg,dog
004773.jpg,diningtable
004776.jpg,train
004779.jpg,car
004782.jpg,person
004783.jpg,bird
004790.jpg,person
004792.jpg,cat
004793.jpg,car
004794.jpg,bird
004797.jpg,bicycle
004799.jpg,bird
004801.jpg,person
004808.jpg,car
004815.jpg,horse
004823.jpg,car
004828.jpg,car
004830.jpg,car
004832.jpg,person
004836.jpg,motorbike
004837.jpg,sofa
004841.jpg,aeroplane
004842.jpg,sheep
004846.jpg,person
004848.jpg,bird
004849.jpg,train
004857.jpg,person
004869.jpg,bird
004873.jpg,car
004876.jpg,bird
004879.jpg,bicycle
004882.jpg,motorbike
004885.jpg,boat
004897.jpg,person
004898.jpg,person
004902.jpg,person
004905.jpg,aeroplane
004907.jpg,cat
004910.jpg,bus
004911.jpg,train
004913.jpg,person
004929.jpg,dog
004946.jpg,person
004951.jpg,train
004955.jpg,cat
004958.jpg,boat
004961.jpg,car
004962.jpg,car
004966.jpg,bird
004968.jpg,horse
004972.jpg,bird
004973.jpg,car
004974.jpg,bird
004976.jpg,diningtable
004984.jpg,chair
004987.jpg,person
004990.jpg,person
004991.jpg,diningtable
004992.jpg,dog
004995.jpg,horse
005001.jpg,sheep
005004.jpg,sofa
005006.jpg,bird
005007.jpg,tvmonitor
005016.jpg,aeroplane
005018.jpg,dog
005020.jpg,car
005023.jpg,bird
005024.jpg,person
005026.jpg,bus
005027.jpg,tvmonitor
005029.jpg,bicycle
005032.jpg,train
005033.jpg,bird
005045.jpg,person
005047.jpg,car
005052.jpg,person
005057.jpg,bicycle
005058.jpg,sheep
005061.jpg,person
005065.jpg,car
005068.jpg,bus
005071.jpg,car
005073.jpg,boat
005078.jpg,cat
005084.jpg,bird
005086.jpg,person
005090.jpg,bus
005093.jpg,motorbike
005094.jpg,train
005097.jpg,dog
005101.jpg,chair
005107.jpg,bicycle
005108.jpg,aeroplane
005114.jpg,person
005121.jpg,dog
005122.jpg,person
005124.jpg,cow
005129.jpg,chair
005130.jpg,bird
005134.jpg,person
005138.jpg,bird
005143.jpg,pottedplant
005153.jpg,tvmonitor
005156.jpg,motorbike
005168.jpg,train
005169.jpg,cat
005171.jpg,boat
005173.jpg,person
005177.jpg,sofa
005181.jpg,boat
005183.jpg,pottedplant
005186.jpg,pottedplant
005189.jpg,person
005190.jpg,person
005191.jpg,diningtable
005202.jpg,bird
005203.jpg,sofa
005208.jpg,person
005215.jpg,motorbike
005217.jpg,boat
005219.jpg,person
005223.jpg,sheep
005231.jpg,sofa
005236.jpg,person
005244.jpg,train
005245.jpg,person
005246.jpg,bird
005257.jpg,boat
005258.jpg,motorbike
005259.jpg,car
005260.jpg,person
005262.jpg,bus
005269.jpg,train
005273.jpg,bicycle
005283.jpg,person
005285.jpg,bird
005288.jpg,sheep
005290.jpg,aeroplane
005292.jpg,sofa
005297.jpg,person
005303.jpg,person
005304.jpg,person
005307.jpg,person
005310.jpg,person
005311.jpg,person
005318.jpg,car
005327.jpg,sofa
005336.jpg,sofa
005337.jpg,boat
005338.jpg,bird
005344.jpg,person
005345.jpg,diningtable
005351.jpg,horse
005358.jpg,aeroplane
005360.jpg,train
005363.jpg,sheep
005368.jpg,person
005369.jpg,boat
005373.jpg,car
005374.jpg,bus
005387.jpg,bus
005388.jpg,bottle
005389.jpg,train
005391.jpg,aeroplane
005396.jpg,person
005404.jpg,cow
005405.jpg,person
005406.jpg,aeroplane
005408.jpg,dog
005410.jpg,person
005413.jpg,person
005414.jpg,person
005417.jpg,person
005420.jpg,boat
005424.jpg,person
005433.jpg,sofa
005440.jpg,train
005445.jpg,cat
005448.jpg,person
005450.jpg,person
005451.jpg,person
005453.jpg,horse
005455.jpg,cat
005457.jpg,car
005467.jpg,diningtable
005478.jpg,person
005483.jpg,car
005487.jpg,aeroplane
005489.jpg,car
005496.jpg,boat
005499.jpg,car
005508.jpg,person
005509.jpg,aeroplane
005511.jpg,horse
005514.jpg,cow
005515.jpg,pottedplant
005519.jpg,cat
005524.jpg,dog
005526.jpg,person
005527.jpg,person
005536.jpg,car
005541.jpg,person
005542.jpg,person
005544.jpg,train
005547.jpg,car
005563.jpg,person
005566.jpg,car
005568.jpg,horse
005574.jpg,aeroplane
005579.jpg,cat
005582.jpg,person
005585.jpg,car
005591.jpg,diningtable
005592.jpg,car
005599.jpg,person
005600.jpg,aeroplane
005601.jpg,dog
005603.jpg,bird
005605.jpg,chair
005609.jpg,car
005611.jpg,horse
005624.jpg,bird
005625.jpg,bird
005630.jpg,cat
005631.jpg,bus
005636.jpg,horse
005637.jpg,bird
005639.jpg,bicycle
005644.jpg,person
005648.jpg,person
005654.jpg,train
005658.jpg,bus
005668.jpg,dog
005669.jpg,person
005680.jpg,train
005686.jpg,diningtable
005695.jpg,person
005697.jpg,sofa
005699.jpg,boat
005700.jpg,person
005704.jpg,person
005705.jpg,boat
005710.jpg,chair
005713.jpg,boat
005715.jpg,cat
005718.jpg,chair
005728.jpg,cow
005730.jpg,chair
005731.jpg,bus
005735.jpg,train
005738.jpg,car
005740.jpg,person
005742.jpg,boat
005752.jpg,dog
005756.jpg,car
005757.jpg,person
005764.jpg,person
005765.jpg,person
005769.jpg,cat
005780.jpg,person
005782.jpg,car
005783.jpg,motorbike
005784.jpg,person
005786.jpg,person
005789.jpg,dog
005796.jpg,person
005803.jpg,diningtable
005805.jpg,bird
005806.jpg,car
005813.jpg,pottedplant
005814.jpg,person
005817.jpg,pottedplant
005821.jpg,chair
005824.jpg,person
005826.jpg,person
005831.jpg,car
005836.jpg,person
005838.jpg,cat
005840.jpg,person
005843.jpg,cow
005850.jpg,cat
005851.jpg,train
005859.jpg,person
005860.jpg,boat
005861.jpg,car
005864.jpg,sofa
005867.jpg,chair
005873.jpg,person
005881.jpg,person
005884.jpg,motorbike
005885.jpg,person
005888.jpg,dog
005889.jpg,person
005893.jpg,train
005895.jpg,aeroplane
005899.jpg,dog
005901.jpg,cat
005903.jpg,train
005905.jpg,person
005908.jpg,person
005909.jpg,bird
005910.jpg,bird
005911.jpg,bus
005918.jpg,car
005920.jpg,diningtable
005923.jpg,bicycle
005930.jpg,bicycle
005938.jpg,person
005947.jpg,sheep
005948.jpg,horse
005951.jpg,motorbike
005960.jpg,cat
005961.jpg,bus
005964.jpg,sheep
005971.jpg,person
005980.jpg,cat
005983.jpg,bird
005984.jpg,person
005990.jpg,motorbike
005992.jpg,sofa
006004.jpg,chair
006009.jpg,car
006011.jpg,car
006020.jpg,sofa
006023.jpg,train
006025.jpg,aeroplane
006030.jpg,diningtable
006033.jpg,person
006038.jpg,motorbike
006043.jpg,car
006061.jpg,cat
006065.jpg,dog
006066.jpg,tvmonitor
006067.jpg,aeroplane
006070.jpg,bird
006073.jpg,cow
006074.jpg,tvmonitor
006078.jpg,chair
006079.jpg,boat
006088.jpg,sofa
006091.jpg,bird
006095.jpg,cow
006096.jpg,bus
006100.jpg,sofa
006103.jpg,car
006104.jpg,sofa
006105.jpg,cat
006123.jpg,boat
006128.jpg,car
006130.jpg,sofa
006131.jpg,tvmonitor
006134.jpg,horse
006135.jpg,train
006140.jpg,person
006141.jpg,bottle
006156.jpg,person
006158.jpg,sofa
006162.jpg,aeroplane
006166.jpg,train
006170.jpg,cow
006171.jpg,dog
006172.jpg,person
006174.jpg,dog
006175.jpg,person
006176.jpg,person
006177.jpg,motorbike
006179.jpg,tvmonitor
006180.jpg,person
006181.jpg,bird
006183.jpg,cat
006187.jpg,person
006189.jpg,dog
006196.jpg,car
006208.jpg,aeroplane
006210.jpg,car
006221.jpg,person
006223.jpg,car
006224.jpg,car
006225.jpg,car
006229.jpg,person
006230.jpg,dog
006236.jpg,motorbike
006238.jpg,person
006243.jpg,motorbike
006247.jpg,sheep
006250.jpg,car
006251.jpg,sheep
006261.jpg,car
006262.jpg,cat
006264.jpg,bird
006267.jpg,dog
006270.jpg,chair
006272.jpg,person
006275.jpg,train
006279.jpg,aeroplane
006285.jpg,horse
006289.jpg,person
006290.jpg,bus
006291.jpg,cow
006299.jpg,pottedplant
006304.jpg,boat
006305.jpg,cat
006320.jpg,car
006329.jpg,car
006341.jpg,person
006344.jpg,train
006349.jpg,aeroplane
006352.jpg,person
006353.jpg,cat
006362.jpg,car
006363.jpg,bottle
006366.jpg,dog
006367.jpg,bird
006369.jpg,car
006371.jpg,bicycle
006374.jpg,aeroplane
006375.jpg,car
006381.jpg,diningtable
006382.jpg,horse
006395.jpg,person
006400.jpg,train
006411.jpg,tvmonitor
006417.jpg,car
006418.jpg,bicycle
006419.jpg,chair
006427.jpg,person
006429.jpg,horse
006433.jpg,aeroplane
006434.jpg,dog
006436.jpg,boat
006438.jpg,car
006442.jpg,person
006447.jpg,diningtable
006448.jpg,bottle
006455.jpg,horse
006458.jpg,car
006459.jpg,horse
006462.jpg,cat
006466.jpg,train
006470.jpg,bird
006472.jpg,tvmonitor
006474.jpg,dog
006475.jpg,person
006476.jpg,person
006482.jpg,person
006483.jpg,person
006486.jpg,person
006495.jpg,cat
006499.jpg,train
006501.jpg,bus
006503.jpg,diningtable
006506.jpg,horse
006515.jpg,bicycle
006523.jpg,aeroplane
006524.jpg,car
006536.jpg,person
006547.jpg,cat
006548.jpg,bird
006549.jpg,boat
006550.jpg,motorbike
006551.jpg,person
006556.jpg,dog
006560.jpg,person
006564.jpg,aeroplane
006569.jpg,bus
006595.jpg,cat
006597.jpg,dog
006602.jpg,dog
006605.jpg,chair
006609.jpg,person
006610.jpg,person
006612.jpg,person
006622.jpg,sofa
006626.jpg,person
006627.jpg,diningtable
006635.jpg,train
006636.jpg,aeroplane
006637.jpg,person
006638.jpg,sofa
006648.jpg,person
006652.jpg,train
006654.jpg,car
006658.jpg,person
006660.jpg,boat
006674.jpg,cat
006684.jpg,tvmonitor
006689.jpg,chair
006694.jpg,train
006695.jpg,person
006697.jpg,person
006698.jpg,person
006703.jpg,person
006704.jpg,tvmonitor
006706.jpg,bird
006707.jpg,person
006708.jpg,cow
006714.jpg,person
006726.jpg,pottedplant
006727.jpg,sofa
006731.jpg,diningtable
006734.jpg,car
006735.jpg,dog
006736.jpg,car
006738.jpg,person
006740.jpg,cat
006748.jpg,car
006753.jpg,person
006755.jpg,chair
006766.jpg,bus
006773.jpg,aeroplane
006777.jpg,person
006781.jpg,cat
006782.jpg,person
006784.jpg,person
006794.jpg,aeroplane
006805.jpg,dog
006806.jpg,pottedplant
006810.jpg,person
006822.jpg,motorbike
006824.jpg,person
006825.jpg,bird
006833.jpg,person
006836.jpg,horse
006839.jpg,motorbike
006840.jpg,person
006844.jpg,train
006845.jpg,chair
006847.jpg,horse
006848.jpg,bird
006849.jpg,dog
006852.jpg,sofa
006858.jpg,person
006864.jpg,person
006866.jpg,horse
006868.jpg,car
006869.jpg,cat
006874.jpg,motorbike
006883.jpg,cat
006887.jpg,person
006893.jpg,car
006896.jpg,person
006899.jpg,sheep
006900.jpg,car
006909.jpg,aeroplane
006910.jpg,person
006911.jpg,horse
006912.jpg,diningtable
006914.jpg,bird
006916.jpg,dog
006917.jpg,bottle
006919.jpg,person
006930.jpg,sofa
006931.jpg,car
006939.jpg,person
006943.jpg,train
006947.jpg,tvmonitor
006948.jpg,person
006950.jpg,person
006958.jpg,person
006959.jpg,person
006968.jpg,sofa
006971.jpg,cat
006976.jpg,chair
006983.jpg,boat
007002.jpg,bus
007003.jpg,car
007006.jpg,diningtable
007007.jpg,person
007011.jpg,dog
007016.jpg,person
007018.jpg,horse
007023.jpg,person
007025.jpg,cat
007029.jpg,bicycle
007033.jpg,aeroplane
007036.jpg,person
007039.jpg,tvmonitor
007040.jpg,car
007045.jpg,person
007050.jpg,cat
007062.jpg,bicycle
007064.jpg,diningtable
007072.jpg,cow
007073.jpg,motorbike
007075.jpg,cow
007078.jpg,chair
007079.jpg,person
007080.jpg,person
007088.jpg,aeroplane
007089.jpg,dog
007090.jpg,car
007092.jpg,bird
007093.jpg,person
007095.jpg,bus
007105.jpg,sofa
007108.jpg,bicycle
007113.jpg,tvmonitor
007121.jpg,person
007125.jpg,boat
007128.jpg,person
007129.jpg,person
007130.jpg,tvmonitor
007133.jpg,car
007138.jpg,horse
007150.jpg,motorbike
007152.jpg,aeroplane
007154.jpg,person
007159.jpg,person
007163.jpg,person
007166.jpg,dog
007168.jpg,train
007177.jpg,diningtable
007180.jpg,pottedplant
007182.jpg,person
007184.jpg,person
007185.jpg,horse
007193.jpg,sofa
007194.jpg,bird
007197.jpg,cat
007205.jpg,car
007213.jpg,person
007214.jpg,person
007219.jpg,chair
007222.jpg,train
007223.jpg,cat
007234.jpg,horse
007241.jpg,bus
007243.jpg,horse
007250.jpg,tvmonitor
007256.jpg,person
007261.jpg,person
007263.jpg,sofa
007271.jpg,bus
007279.jpg,bus
007285.jpg,car
007289.jpg,boat
007295.jpg,cat
007298.jpg,bus
007305.jpg,motorbike
007308.jpg,horse
007322.jpg,dog
007323.jpg,bottle
007325.jpg,horse
007327.jpg,chair
007334.jpg,cat
007336.jpg,person
007351.jpg,bottle
007361.jpg,train
007365.jpg,boat
007369.jpg,chair
007370.jpg,bottle
007373.jpg,diningtable
007375.jpg,aeroplane
007381.jpg,person
007385.jpg,sofa
007389.jpg,cow
007394.jpg,tvmonitor
007396.jpg,pottedplant
007398.jpg,bus
007410.jpg,person
007411.jpg,dog
007413.jpg,aeroplane
007417.jpg,dog
007419.jpg,cat
007421.jpg,bird
007425.jpg,sofa
007431.jpg,bird
007437.jpg,bus
007446.jpg,person
007454.jpg,cat
007458.jpg,diningtable
007466.jpg,person
007467.jpg,train
007468.jpg,car
007474.jpg,dog
007477.jpg,boat
007479.jpg,car
007481.jpg,bird
007483.jpg,person
007490.jpg,car
007491.jpg,sofa
007493.jpg,person
007497.jpg,car
007503.jpg,aeroplane
007513.jpg,train
007519.jpg,pottedplant
007521.jpg,boat
007524.jpg,cat
007526.jpg,horse
007530.jpg,chair
007535.jpg,person
007536.jpg,sofa
007538.jpg,chair
007540.jpg,person
007544.jpg,diningtable
007558.jpg,person
007565.jpg,cat
007566.jpg,car
007570.jpg,person
007572.jpg,person
007575.jpg,bus
007578.jpg,person
007586.jpg,train
007590.jpg,person
007594.jpg,horse
007600.jpg,pottedplant
007601.jpg,car
007606.jpg,person
007611.jpg,horse
007619.jpg,person
007621.jpg,sheep
007629.jpg,person
007631.jpg,person
007633.jpg,bus
007637.jpg,horse
007653.jpg,car
007654.jpg,aeroplane
007655.jpg,bicycle
007663.jpg,car
007667.jpg,car
007683.jpg,person
007685.jpg,boat
007692.jpg,dog
007696.jpg,train
007697.jpg,horse
007699.jpg,car
007704.jpg,sofa
007713.jpg,bird
007718.jpg,boat
007721.jpg,bird
007729.jpg,tvmonitor
007731.jpg,car
007735.jpg,diningtable
007736.jpg,bus
007740.jpg,bottle
007748.jpg,horse
007749.jpg,dog
007751.jpg,person
007753.jpg,cat
007762.jpg,tvmonitor
007767.jpg,train
007775.jpg,dog
007777.jpg,diningtable
007781.jpg,pottedplant
007790.jpg,bottle
007791.jpg,dog
007795.jpg,person
007803.jpg,boat
007809.jpg,horse
007810.jpg,person
007814.jpg,person
007819.jpg,train
007820.jpg,aeroplane
007821.jpg,car
007831.jpg,bird
007836.jpg,bicycle
007838.jpg,dog
007840.jpg,bird
007847.jpg,bird
007853.jpg,bird
007854.jpg,bicycle
007859.jpg,sheep
007863.jpg,cat
007864.jpg,aeroplane
007872.jpg,diningtable
007876.jpg,bird
007877.jpg,person
007878.jpg,cat
007883.jpg,car
007884.jpg,person
007885.jpg,cat
007898.jpg,car
007900.jpg,dog
007901.jpg,person
007905.jpg,car
007908.jpg,bus
007910.jpg,person
007911.jpg,motorbike
007914.jpg,bird
007915.jpg,person
007923.jpg,sofa
007925.jpg,bicycle
007926.jpg,train
007932.jpg,car
007939.jpg,cow
007940.jpg,person
007953.jpg,person
007959.jpg,chair
007963.jpg,train
007964.jpg,car
007968.jpg,dog
007974.jpg,cat
007976.jpg,aeroplane
007980.jpg,boat
007991.jpg,bird
007996.jpg,person
008001.jpg,car
008004.jpg,bus
008005.jpg,cow
008008.jpg,person
008012.jpg,pottedplant
008017.jpg,bird
008019.jpg,horse
008026.jpg,bus
008037.jpg,car
008040.jpg,horse
008042.jpg,sofa
008043.jpg,person
008044.jpg,car
008049.jpg,tvmonitor
008051.jpg,bird
008053.jpg,person
008062.jpg,bird
008063.jpg,chair
008064.jpg,pottedplant
008067.jpg,tvmonitor
008072.jpg,person
008075.jpg,dog
008076.jpg,diningtable
008079.jpg,person
008082.jpg,person
008083.jpg,person
008084.jpg,bird
008093.jpg,car
008095.jpg,train
008096.jpg,bicycle
008098.jpg,bus
008106.jpg,chair
008108.jpg,car
008116.jpg,sheep
008117.jpg,bird
008121.jpg,tvmonitor
008127.jpg,diningtable
008130.jpg,person
008137.jpg,bottle
008139.jpg,person
008142.jpg,horse
008150.jpg,sheep
008163.jpg,boat
008164.jpg,person
008166.jpg,boat
008169.jpg,cat
008174.jpg,car
008186.jpg,dog
008188.jpg,car
008197.jpg,car
008199.jpg,person
008202.jpg,cow
008203.jpg,sofa
008204.jpg,person
008211.jpg,person
008213.jpg,chair
008216.jpg,diningtable
008218.jpg,person
008223.jpg,sheep
008226.jpg,bird
008232.jpg,car
008235.jpg,train
008248.jpg,person
008250.jpg,motorbike
008252.jpg,aeroplane
008253.jpg,person
008254.jpg,cat
008260.jpg,dog
008261.jpg,boat
008262.jpg,bus
008263.jpg,train
008269.jpg,cat
008272.jpg,person
008280.jpg,aeroplane
008282.jpg,sofa
008296.jpg,car
008301.jpg,person
008302.jpg,person
008310.jpg,aeroplane
008311.jpg,horse
008312.jpg,motorbike
008313.jpg,bicycle
008315.jpg,bus
008316.jpg,train
008317.jpg,bird
008322.jpg,dog
008332.jpg,person
008336.jpg,car
008338.jpg,bus
008341.jpg,sofa
008342.jpg,sheep
008346.jpg,dog
008351.jpg,train
008360.jpg,bus
008372.jpg,aeroplane
008374.jpg,person
008381.jpg,person
008384.jpg,bird
008385.jpg,person
008388.jpg,car
008391.jpg,car
008397.jpg,bus
008398.jpg,person
008403.jpg,cat
008409.jpg,sofa
008422.jpg,tvmonitor
008425.jpg,dog
008426.jpg,bird
008427.jpg,horse
008437.jpg,horse
008442.jpg,cat
008443.jpg,bird
008445.jpg,train
008449.jpg,boat
008452.jpg,person
008453.jpg,chair
008456.jpg,boat
008462.jpg,chair
008465.jpg,pottedplant
008466.jpg,car
008467.jpg,person
008468.jpg,sofa
008470.jpg,diningtable
008475.jpg,cow
008477.jpg,dog
008478.jpg,car
008482.jpg,car
008483.jpg,car
008495.jpg,aeroplane
008506.jpg,train
008517.jpg,car
008523.jpg,aeroplane
008529.jpg,diningtable
008530.jpg,dog
008533.jpg,cat
008536.jpg,pottedplant
008549.jpg,car
008550.jpg,car
008558.jpg,dog
008559.jpg,person
008568.jpg,boat
008581.jpg,car
008585.jpg,person
008587.jpg,person
008588.jpg,bird
008595.jpg,motorbike
008596.jpg,person
008602.jpg,person
008610.jpg,horse
008615.jpg,cow
008617.jpg,person
008618.jpg,person
008628.jpg,person
008633.jpg,car
008645.jpg,boat
008655.jpg,diningtable
008663.jpg,car
008665.jpg,car
008670.jpg,bird
008676.jpg,person
008688.jpg,pottedplant
008690.jpg,person
008691.jpg,train
008699.jpg,horse
008702.jpg,bus
008706.jpg,cow
008710.jpg,train
008720.jpg,cat
008723.jpg,aeroplane
008725.jpg,boat
008727.jpg,car
008731.jpg,horse
008732.jpg,bird
008738.jpg,dog
008741.jpg,bicycle
008744.jpg,horse
008748.jpg,person
008750.jpg,car
008755.jpg,bird
008756.jpg,cat
008757.jpg,bicycle
008760.jpg,chair
008764.jpg,bird
008768.jpg,car
008770.jpg,aeroplane
008771.jpg,bus
008776.jpg,bird
008783.jpg,diningtable
008784.jpg,car
008790.jpg,train
008794.jpg,car
008806.jpg,pottedplant
008809.jpg,cat
008811.jpg,bicycle
008813.jpg,person
008814.jpg,diningtable
008815.jpg,cat
008819.jpg,dog
008838.jpg,bus
008840.jpg,dog
008841.jpg,dog
008847.jpg,aeroplane
008856.jpg,cat
008862.jpg,person
008865.jpg,sofa
008872.jpg,person
008878.jpg,train
008879.jpg,person
008883.jpg,bus
008885.jpg,cat
008886.jpg,horse
008891.jpg,car
008900.jpg,boat
008905.jpg,aeroplane
008909.jpg,car
008920.jpg,person
008923.jpg,car
008926.jpg,bird
008929.jpg,car
008930.jpg,cat
008932.jpg,person
008933.jpg,cat
008936.jpg,chair
008939.jpg,car
008944.jpg,person
008948.jpg,chair
008958.jpg,car
008960.jpg,person
008961.jpg,person
008962.jpg,bottle
008966.jpg,bus
008967.jpg,bottle
008968.jpg,car
008969.jpg,car
008970.jpg,pottedplant
008971.jpg,aeroplane
008973.jpg,cow
008975.jpg,sofa
008978.jpg,car
008979.jpg,motorbike
008980.jpg,dog
008985.jpg,bird
008987.jpg,sofa
008988.jpg,train
008989.jpg,bottle
008995.jpg,bicycle
008999.jpg,boat
009000.jpg,person
009004.jpg,motorbike
009005.jpg,person
009016.jpg,bottle
009018.jpg,bird
009020.jpg,horse
009027.jpg,bottle
009029.jpg,car
009032.jpg,tvmonitor
009036.jpg,person
009042.jpg,dog
009045.jpg,car
009049.jpg,motorbike
009058.jpg,car
009059.jpg,bus
009063.jpg,aeroplane
009066.jpg,dog
009068.jpg,person
009073.jpg,person
009078.jpg,car
009080.jpg,bird
009086.jpg,train
009098.jpg,cat
009099.jpg,bird
009100.jpg,bottle
009106.jpg,car
009108.jpg,bottle
009114.jpg,horse
009117.jpg,dog
009121.jpg,car
009123.jpg,diningtable
009136.jpg,person
009144.jpg,bird
009148.jpg,horse
009153.jpg,person
009160.jpg,motorbike
009161.jpg,bus
009166.jpg,bird
009173.jpg,tvmonitor
009175.jpg,pottedplant
009181.jpg,pottedplant
009184.jpg,person
009185.jpg,dog
009191.jpg,motorbike
009196.jpg,tvmonitor
009197.jpg,dog
009200.jpg,chair
009205.jpg,car
009208.jpg,horse
009209.jpg,motorbike
009214.jpg,car
009215.jpg,pottedplant
009218.jpg,train
009227.jpg,sheep
009230.jpg,motorbike
009238.jpg,person
009242.jpg,sofa
009245.jpg,cow
009251.jpg,horse
009252.jpg,sofa
009255.jpg,horse
009259.jpg,motorbike
009269.jpg,car
009270.jpg,bird
009271.jpg,sheep
009272.jpg,aeroplane
009283.jpg,car
009285.jpg,cat
009287.jpg,motorbike
009288.jpg,person
009289.jpg,train
009290.jpg,person
009295.jpg,bicycle
009296.jpg,person
009299.jpg,diningtable
009306.jpg,person
009307.jpg,aeroplane
009308.jpg,cow
009316.jpg,person
009318.jpg,horse
009324.jpg,bird
009325.jpg,tvmonitor
009327.jpg,person
009333.jpg,tvmonitor
009336.jpg,car
009339.jpg,bicycle
009342.jpg,person
009343.jpg,person
009358.jpg,bus
009359.jpg,sofa
009362.jpg,person
009365.jpg,aeroplane
009377.jpg,train
009386.jpg,bus
009388.jpg,chair
009389.jpg,train
009392.jpg,bus
009393.jpg,person
009394.jpg,aeroplane
009398.jpg,cat
009406.jpg,car
009407.jpg,horse
009409.jpg,bus
009410.jpg,person
009411.jpg,car
009413.jpg,person
009417.jpg,sheep
009418.jpg,person
009419.jpg,pottedplant
009420.jpg,diningtable
009421.jpg,person
009422.jpg,bird
009424.jpg,car
009429.jpg,cow
009432.jpg,aeroplane
009434.jpg,car
009446.jpg,tvmonitor
009458.jpg,bottle
009460.jpg,person
009463.jpg,cow
009465.jpg,horse
009466.jpg,chair
009469.jpg,car
009476.jpg,aeroplane
009488.jpg,bird
009490.jpg,person
009491.jpg,sofa
009496.jpg,person
009497.jpg,person
009499.jpg,person
009504.jpg,person
009508.jpg,train
009512.jpg,person
009515.jpg,car
009516.jpg,cat
009518.jpg,dog
009520.jpg,person
009523.jpg,aeroplane
009524.jpg,person
009526.jpg,diningtable
009528.jpg,cat
009537.jpg,train
009541.jpg,person
009542.jpg,person
009545.jpg,cow
009549.jpg,cat
009551.jpg,person
009557.jpg,person
009562.jpg,dog
009566.jpg,bird
009573.jpg,person
009576.jpg,tvmonitor
009577.jpg,diningtable
009579.jpg,person
009584.jpg,cat
009585.jpg,person
009587.jpg,dog
009596.jpg,motorbike
009600.jpg,person
009605.jpg,dog
009609.jpg,bird
009613.jpg,person
009614.jpg,person
009615.jpg,aeroplane
009618.jpg,bicycle
009621.jpg,bird
009623.jpg,car
009629.jpg,aeroplane
009634.jpg,pottedplant
009637.jpg,train
009638.jpg,person
009644.jpg,car
009650.jpg,cow
009654.jpg,person
009656.jpg,bicycle
009659.jpg,person
009664.jpg,bottle
009666.jpg,person
009668.jpg,dog
009671.jpg,car
009679.jpg,bottle
009684.jpg,person
009691.jpg,motorbike
009693.jpg,person
009702.jpg,aeroplane
009703.jpg,person
009707.jpg,cat
009709.jpg,bottle
009713.jpg,dog
009717.jpg,cow
009718.jpg,train
009721.jpg,person
009729.jpg,car
009733.jpg,car
009734.jpg,bus
009735.jpg,chair
009749.jpg,bird
009755.jpg,sofa
009756.jpg,motorbike
009762.jpg,bus
009763.jpg,dog
009774.jpg,car
009776.jpg,motorbike
009789.jpg,person
009790.jpg,train
009792.jpg,chair
009797.jpg,dog
009800.jpg,person
009805.jpg,cat
009807.jpg,horse
009808.jpg,horse
009810.jpg,car
009813.jpg,person
009825.jpg,chair
009828.jpg,person
009830.jpg,car
009832.jpg,bus
009834.jpg,car
009839.jpg,car
009842.jpg,sheep
009845.jpg,bus
009848.jpg,bicycle
009851.jpg,horse
009852.jpg,cat
009855.jpg,train
009859.jpg,person
009860.jpg,train
009867.jpg,tvmonitor
009868.jpg,person
009869.jpg,person
009872.jpg,chair
009874.jpg,horse
009877.jpg,person
009878.jpg,sofa
009879.jpg,car
009882.jpg,person
009884.jpg,pottedplant
009887.jpg,pottedplant
009896.jpg,cat
009904.jpg,car
009911.jpg,aeroplane
009918.jpg,person
009920.jpg,car
009926.jpg,person
009938.jpg,motorbike
009940.jpg,bird
009942.jpg,person
009944.jpg,motorbike
009945.jpg,sheep
009949.jpg,person
009959.jpg,car
009961.jpg,dog
